keyword,CompanyName,PostedBy,JobTitle,DirectApplyURL,JobAge,ApplyType
angular developer,Ford,PLM Tech Cloud Engineer,Unknown,https://www.naukri.com/job-listings-plm-tech-cloud-engineer-ford-global-business-services-chennai-0-to-6-years-270325500420,1,Company Site
angular developer,Global Healthcare Billing Partners,Excellent Opportunity For Mean Stack Devop Fresher @Global Velachery,Unknown,https://www.naukri.com/job-listings-excellent-opportunity-for-mean-stack-devop-fresher-global-velachery-global-healthcare-billing-partners-chennai-0-to-1-years-270325029322,1,Direct
angular developer,Pon Pure,Software Support Executive,Unknown,https://www.naukri.com/job-listings-software-support-executive-pon-pure-chemical-india-private-limited-chennai-0-to-2-years-270325921946,1,Direct
angular developer,Equifax Credit Information Services Private Limited,Dot Net Developer - Entry,Unknown,https://www.naukri.com/job-listings-dot-net-developer-entry-equifax-credit-information-services-private-limited-thiruvananthapuram-0-to-3-years-270325502958,1,Company Site
angular developer,Seagate,Intern- SAP ABAP,Unknown,https://www.naukri.com/job-listings-intern-sap-abap-seagate-technology-pune-0-to-1-years-270325926016,1,Direct
angular developer,Manusis Technologies,Web Developer (Associate / Sr Associate),Unknown,https://www.naukri.com/job-listings-web-developer-associate-sr-associate-manusis-technologies-gurugram-0-to-3-years-270325505803,1,Company Site
angular developer,Coditude,Trainee Software Developer (FRESHERS),Unknown,https://www.naukri.com/job-listings-trainee-software-developer-freshers-coditude-pune-0-to-1-years-270325505907,1,Company Site
angular developer,VSM Software,Trainee Associate,Unknown,https://www.naukri.com/job-listings-trainee-associate-vsm-software-p-ltd-bengaluru-0-to-2-years-270325502956,1,Company Site
angular developer,Winzo,Web Developer,Unknown,https://www.naukri.com/job-listings-web-developer-winzo-new-delhi-0-to-4-years-270325505790,1,Direct
angular developer,Turing,Full-Stack Developer (Front-End Heavy),Unknown,https://www.naukri.com/job-listings-full-stack-developer-front-end-heavy-turing-faridabad-0-to-5-years-270325505737,1,Company Site
angular developer,Softaid Systems,Hardware Engineer,Unknown,https://www.naukri.com/job-listings-hardware-engineer-softaid-systems-pune-0-to-2-years-270325503333,1,Direct
angular developer,Tradetron,Full Stack Developer,Unknown,https://www.naukri.com/job-listings-full-stack-developer-tradetron-hyderabad-pune-bengaluru-0-to-5-years-270325906144,1,Direct
angular developer,EIM Solutions,Developer Trainee,Unknown,https://www.naukri.com/job-listings-developer-trainee-eim-solutions-bengaluru-0-to-1-years-270325505928,1,Company Site
angular developer,DWS Investment,Java Full Stack Lead Technologist - Associate,Unknown,https://www.naukri.com/job-listings-java-full-stack-lead-technologist-associate-dws-group-pune-0-to-2-years-270325500441,1,Company Site
angular developer,Softaid Systems,Software Tester,Unknown,https://www.naukri.com/job-listings-software-tester-softaid-systems-pune-0-to-2-years-270325503334,1,Direct
angular developer,Oracle,Software Developer 1,Unknown,https://www.naukri.com/job-listings-software-developer-1-oracle-india-pvt-ltd-bengaluru-0-to-2-years-270325502213,1,Company Site
angular developer,GreyOrange,Engineer - Software Development,Unknown,https://www.naukri.com/job-listings-engineer-software-development-greyorange-gurugram-0-to-2-years-270325506531,1,Company Site
angular developer,Goldman Sachs,Controllers - Software Engineering - Analyst,Unknown,https://www.naukri.com/job-listings-controllers-software-engineering-analyst-goldman-sachs-hyderabad-0-to-4-years-270325502760,1,Company Site
angular developer,CEX Io,Trainee / Associate QA Engineer - Manual,Unknown,https://www.naukri.com/job-listings-trainee-associate-qa-engineer-manual-cex-mumbai-0-to-2-years-270325502509,1,Company Site
angular developer,DUN &amp;amp; BRADSTREET INFORMATION SERVICES INDIA PRIVATE LIMITED,Operation Associate,Unknown,https://www.naukri.com/job-listings-operation-associate-dun-amp-amp-bradstreet-information-services-india-private-limited-mumbai-0-to-2-years-270325503229,1,Company Site
angular developer,CashKaro.com,Intern - Product Management,Unknown,https://www.naukri.com/job-listings-intern-product-management-cashkaro-com-gurugram-0-to-1-years-270325506525,1,Company Site
angular developer,Fictiv Technology Solutions,Salesforce System Support Specialist,Unknown,https://www.naukri.com/job-listings-salesforce-system-support-specialist-fictiv-bengaluru-0-to-5-years-270325503208,1,Company Site
angular developer,Manusis Technologies,Graphic & Web Designer,Unknown,https://www.naukri.com/job-listings-graphic-web-designer-manusis-technologies-gurugram-0-to-4-years-270325505781,1,Company Site
angular developer,Technograph Consultancy,Stores Professional,Unknown,https://www.naukri.com/job-listings-stores-professional-technograph-consultancy-services-aurangabad-0-to-3-years-270325503424,1,Company Site
angular developer,Ashok Auto Sales,MIS Executive,Unknown,https://www.naukri.com/job-listings-mis-executive-ashok-auto-sales-limited-agra-0-to-1-years-270325505931,1,Company Site
angular developer,Invesco,Business Trainee,Unknown,https://www.naukri.com/job-listings-business-trainee-invesco-hyderabad-pvt-ltd-hyderabad-0-to-1-years-270325502356,1,Company Site
angular developer,Sairam Global Technologies,Fresher - Java  - Dot Net( Trained Candidates Required),Unknown,https://www.naukri.com/job-listings-fresher-java-dot-net-trained-candidates-required-sairam-global-technologies-bhubaneswar-visakhapatnam-hyderabad-0-to-1-years-270325025564,1,Direct
angular developer,People Connect Placements,Backend Engineer,Unknown,https://www.naukri.com/job-listings-backend-engineer-people-connect-placements-bengaluru-0-to-3-years-270325908100,1,Direct
angular developer,In Solutions Global (ISG),System Monitoring Engineer,Unknown,https://www.naukri.com/job-listings-system-monitoring-engineer-in-solutions-global-isg-mumbai-0-to-1-years-270325012893,1,Direct
angular developer,Keyideas Infotech,Hiring Fresher For Software Development - PHP / Dotnet,Unknown,https://www.naukri.com/job-listings-hiring-fresher-for-software-development-php-dotnet-keyideas-infotech-delhi-ncr-0-to-1-years-181220002555,1,Direct
angular developer,Sqycorp,Software Engineer - Python; Java; Testing; Network (Freshers Only),Unknown,https://www.naukri.com/job-listings-software-engineer-python-java-testing-network-freshers-only-sqycorp-mumbai-pune-chennai-0-to-1-years-270325015802,1,Direct
angular developer,Giit Solutions,Java Developer || Freshers|| Immediate|| Gurgaon,Unknown,https://www.naukri.com/job-listings-java-developer-freshers-immediate-gurgaon-giit-solutions-gurugram-0-to-1-years-270325022855,1,Direct
angular developer,DWS Investment,"Information security Analyst, NCT",Unknown,https://www.naukri.com/job-listings-information-security-analyst-nct-dws-group-bengaluru-0-to-1-years-270325500440,1,Company Site
angular developer,People Connect Placements,React Native Developer,Unknown,https://www.naukri.com/job-listings-react-native-developer-people-connect-placements-bengaluru-0-to-3-years-270325908089,1,Direct
angular developer,Secure Meters,Technical Support Engineer,Unknown,https://www.naukri.com/job-listings-technical-support-engineer-secure-meters-udaipur-0-to-2-years-260924004063,1,Direct
angular developer,Cloudstand Consulting (opc),Oracle Hcm Consultant,Unknown,https://www.naukri.com/job-listings-oracle-hcm-consultant-cloudstand-consulting-opc-pune-0-to-1-years-270325024045,1,Direct
angular developer,2coms,B.com Freshers Hiring For Accounts Job Role - Gurgaon,Unknown,https://www.naukri.com/job-listings-b-com-freshers-hiring-for-accounts-role-gurgaon-2coms-noida-0-to-5-years-270325019799,1,Direct
angular developer,Revisewise Education Solutions,Content Manager,Unknown,https://www.naukri.com/job-listings-content-manager-revisewise-education-solutions-noida-0-to-2-years-270325023315,1,Direct
angular developer,Trafigura,Murex Support Senior Analyst,Unknown,https://www.naukri.com/job-listings-murex-support-senior-analyst-trafigura-mumbai-0-to-3-years-270325025970,1,Direct
angular developer,Eoxs,Website Developer (Frontend) || Internship || WFH || USA Shift,Unknown,https://www.naukri.com/job-listings-website-developer-frontend-internship-wfh-usa-shift-eoxs-chandigarh-0-to-1-years-270325031617,1,Direct
angular developer,Gyrus Ai,Software Developer | Remote Job,Unknown,https://www.naukri.com/job-listings-software-developer-remote-gyrus-ai-bengaluru-0-to-3-years-270325011165,1,Direct
angular developer,Edwise,Web Counselor / Executive @ CST / Marine Lines,Unknown,https://www.naukri.com/job-listings-web-counselor-executive-cst-marine-lines-edwise-mumbai-all-areas-0-to-1-years-280325006264,1,Direct
angular developer,Entain,Content Associate,Unknown,https://www.naukri.com/job-listings-content-associate-entain-hyderabad-0-to-2-years-270325503092,1,Company Site
angular developer,Oracle,Product Manager/Strategy 3-ProdDev,Unknown,https://www.naukri.com/job-listings-product-manager-strategy-3-proddev-oracle-india-pvt-ltd-noida-bengaluru-0-to-2-years-270325502215,1,Company Site
angular developer,Bondsindia,Front End Developer (ReactJs / NextJs),Unknown,https://www.naukri.com/job-listings-front-end-developer-reactjs-nextjs-bondsindia-mumbai-1-to-2-years-270325503634,1,Company Site
angular developer,Aviintech Business Solutions,Front End Developer,Unknown,https://www.naukri.com/job-listings-front-end-developer-aviintech-business-solutions-remote-1-to-5-years-270325505552,1,Company Site
angular developer,Shure Incorporated,"Front End Developer, Angular",Unknown,https://www.naukri.com/job-listings-front-end-developer-angular-shure-incorporated-hyderabad-1-to-5-years-270325505532,1,Company Site
angular developer,Softwings Technologies,Dot NET Full Stack Developer,Unknown,https://www.naukri.com/job-listings-dot-net-full-stack-developer-softwings-technologies-coimbatore-1-to-2-years-270325503460,1,Company Site
angular developer,Arvasit Technolabs,Opening For Full Stack Developer,Unknown,https://www.naukri.com/job-listings-opening-for-full-stack-developer-arvasit-technolabs-private-limited-mumbai-1-to-5-years-270325505527,1,Direct
angular developer,Krazy Mantra It,Dot Net Full Stack Professional,Unknown,https://www.naukri.com/job-listings-dot-net-full-stack-professional-krazy-mantra-group-of-companies-pune-chennai-bengaluru-1-to-4-years-270325506283,1,Company Site
angular developer,Robert Bosch Engineering and Business Solutions Private Limited,Dot Net Developer,Unknown,https://www.naukri.com/job-listings-dot-net-developer-robert-bosch-engineering-and-business-solutions-private-limited-coimbatore-1-to-4-years-270325506008,1,Company Site
angular developer,Simulationhub,Full Stack Developer,Unknown,https://www.naukri.com/job-listings-full-stack-developer-simulationhub-pune-1-to-6-years-270325503303,1,Company Site
angular developer,Kyoto Webtech,Web Developer,Unknown,https://www.naukri.com/job-listings-web-developer-kyoto-webtech-chandigarh-1-to-2-years-270325503377,1,Company Site
angular developer,Primetrace Technologies,"Associate, Application Engineer",Unknown,https://www.naukri.com/job-listings-associate-application-engineer-primetrace-technologies-private-limited-gurugram-1-to-3-years-270325501722,1,Company Site
angular developer,Feather Thread Corporation,Fullstack developers,Unknown,https://www.naukri.com/job-listings-fullstack-developers-feather-thread-corporation-noida-prayagraj-1-to-5-years-270325503361,1,Company Site
angular developer,Thomsun Infocare,Dot NET Developer,Unknown,https://www.naukri.com/job-listings-dot-net-developer-thomsun-infocare-kochi-1-to-4-years-270325505616,1,Company Site
angular developer,Codilar,ServiceNow Developer (4 To 6 Years),Unknown,https://www.naukri.com/job-listings-servicenow-developer-4-to-6-years-codilar-technologies-pvt-ltd-noida-1-to-3-years-270325500912,1,Company Site
angular developer,KG Invicta Services (kgis),Java Developer / Sr. Java Developer - TM,Unknown,https://www.naukri.com/job-listings-java-developer-sr-java-developer-tm-kg-invicta-services-kgis-chennai-1-to-6-years-270325505463,1,Company Site
angular developer,Oodles Technologies,Associate Consultant - Development,Unknown,https://www.naukri.com/job-listings-associate-consultant-development-oodles-technologies-sohna-1-to-2-years-270325504379,1,Company Site
angular developer,Saasho Technologies Pvt. Ltd.,Php Developer,Unknown,https://www.naukri.com/job-listings-php-developer-saasho-technologies-pvt-ltd-gurugram-1-to-3-years-280325007084,1,Direct
angular developer,"Empyra.com, Inc",ReactJS developer,Unknown,https://www.naukri.com/job-listings-reactjs-developer-empyra-com-inc-bengaluru-1-to-4-years-270325505608,1,Company Site
angular developer,Krazy Mantra It,JAVA FULLSTACK Professional,Unknown,https://www.naukri.com/job-listings-java-fullstack-professional-krazy-mantra-group-of-companies-noida-hyderabad-pune-chennai-bengaluru-1-to-4-years-270325506289,1,Company Site
angular developer,Saasho Technologies Pvt. Ltd.,Web Designer,Unknown,https://www.naukri.com/job-listings-web-designer-saasho-technologies-pvt-ltd-gurugram-1-to-3-years-280325007396,1,Direct
angular developer,Easy Solution,Dotnet Professional,Unknown,https://www.naukri.com/job-listings-dotnet-professional-easy-solution-noida-delhi-1-to-3-years-280325905140,1,Direct
angular developer,F5,Associate Consultant,Unknown,https://www.naukri.com/job-listings-associate-consultant-f5-networks-innovation-private-limited-bengaluru-1-to-4-years-280325907216,1,Direct
angular developer,SEO Specialists India,Web Designer,Unknown,https://www.naukri.com/job-listings-web-designer-seo-specialists-india-gurugram-1-to-5-years-270325503317,1,Company Site
angular developer,Vervali Systems,Jr Manual Tester,Unknown,https://www.naukri.com/job-listings-jr-manual-tester-vervali-systems-pvt-ltd-mumbai-vasai-1-to-2-years-270325503451,1,Company Site
angular developer,White Sand,WordPress / Shopify Developer,Unknown,https://www.naukri.com/job-listings-wordpress-shopify-developer-white-sand-ahmedabad-1-to-4-years-270325503054,1,Company Site
angular developer,Brade Events And Exhibitions,Design Executive,Unknown,https://www.naukri.com/job-listings-design-executive-brade-events-and-exhibitions-pvt-ltd-mumbai-1-to-4-years-270325503516,1,Company Site
angular developer,Alisons Infomatics,Laravel Developer,Unknown,https://www.naukri.com/job-listings-laravel-developer-alisons-infomatics-p-ltd-kannur-1-to-5-years-270325503444,1,Direct
angular developer,Brandzzy Softtech,Junior Laravel Developer,Unknown,https://www.naukri.com/job-listings-junior-laravel-developer-brandzzy-softtech-bhubaneswar-1-to-6-years-270325503400,1,Company Site
angular developer,Redinent Innovations,Frontend Developer,Unknown,https://www.naukri.com/job-listings-frontend-developer-redinent-innovations-bengaluru-1-to-4-years-270325505603,1,Company Site
angular developer,Zensar,Front End Developer,Unknown,https://www.naukri.com/job-listings-front-end-developer-zensar-technologies-hubli-mangaluru-mysuru-bengaluru-belgaum-1-to-5-years-270325502301,1,Company Site
angular developer,Lumel Technologies,Java Developer,Unknown,https://www.naukri.com/job-listings-java-developer-lumel-chennai-1-to-3-years-270325501638,1,Company Site
angular developer,RWS Moravia,Software Engineer,Unknown,https://www.naukri.com/job-listings-software-engineer-rws-moravia-bengaluru-1-to-5-years-270325505558,1,Direct
angular developer,RWS Group,Software Engineer(.NET),Unknown,https://www.naukri.com/job-listings-software-engineer-net-rws-group-bengaluru-1-to-5-years-210125013298,1,Direct
angular developer,Feather Thread Corporation,Java Developers,Unknown,https://www.naukri.com/job-listings-java-developers-feather-thread-corporation-noida-prayagraj-1-to-5-years-270325503362,1,Company Site
angular developer,Krazy Mantra It,ServiceNow Developer Professional,Unknown,https://www.naukri.com/job-listings-servicenow-developer-professional-krazy-mantra-group-of-companies-kolkata-mumbai-new-delhi-hyderabad-pune-chennai-bengaluru-1-to-4-years-270325506250,1,Company Site
angular developer,Cypherox Technologies,PHP Developer,Unknown,https://www.naukri.com/job-listings-php-developer-cypherox-technologies-pvt-ltd-rajkot-1-to-4-years-270325505618,1,Company Site
angular developer,KG Invicta Services (kgis),Survey support Executive,Unknown,https://www.naukri.com/job-listings-survey-support-executive-kg-invicta-services-kgis-kolkata-mumbai-new-delhi-hyderabad-pune-chennai-bengaluru-1-to-2-years-270325505706,1,Company Site
