keyword,CompanyName,PostedBy,JobTitle,DirectApplyURL,JobAge,ApplyType,RepeatCount
angular developer,Muthoot Finance,Cms Executive,Unknown,https://www.naukri.com/job-listings-cms-executive-muthoot-finance-ltd-new-delhi-0-to-5-years-270325922553,1,Direct,
angular developer,Muthoot Finance,Probationary Officer,Unknown,https://www.naukri.com/job-listings-probationary-officer-muthoot-finance-ltd-guntur-0-to-2-years-270325920654,1,Direct,
angular developer,Muthoot Finance,Cms Executive,Unknown,https://www.naukri.com/job-listings-cms-executive-muthoot-finance-ltd-new-delhi-0-to-3-years-270325919793,1,Direct,
angular developer,Muthoot Finance,Technical Associate,Unknown,https://www.naukri.com/job-listings-technical-associate-muthoot-finance-ltd-nagar-0-to-4-years-270325921479,1,Direct,
angular developer,Muthoot Finance,Application Support Engineer,Unknown,https://www.naukri.com/job-listings-application-support-engineer-muthoot-finance-ltd-new-delhi-0-to-2-years-270325924113,1,Direct,
angular developer,Muthoot Finance,Probationary Officer,Unknown,https://www.naukri.com/job-listings-probationary-officer-muthoot-finance-ltd-visakhapatnam-0-to-2-years-270325920175,1,Direct,
angular developer,Muthoot Finance,Data Analyst,Unknown,https://www.naukri.com/job-listings-data-analyst-muthoot-finance-ltd-mumbai-0-to-5-years-270325919320,1,Direct,
angular developer,Muthoot Finance,Application Support Engineer,Unknown,https://www.naukri.com/job-listings-application-support-engineer-muthoot-finance-ltd-new-delhi-0-to-5-years-270325921872,1,Direct,
angular developer,Muthoot Finance,Rcu Associate,Unknown,https://www.naukri.com/job-listings-rcu-associate-muthoot-finance-ltd-prayagraj-0-to-4-years-270325924010,1,Direct,
angular developer,Muthoot Finance,Rcu Associate,Unknown,https://www.naukri.com/job-listings-rcu-associate-muthoot-finance-ltd-hyderabad-0-to-4-years-270325923539,1,Direct,
angular developer,Muthoot Finance,Rcu Associate,Unknown,https://www.naukri.com/job-listings-rcu-associate-muthoot-finance-ltd-jaipur-0-to-4-years-270325924292,1,Direct,
angular developer,Muthoot Finance,Rcu Associate,Unknown,https://www.naukri.com/job-listings-rcu-associate-muthoot-finance-ltd-indore-0-to-4-years-270325923665,1,Direct,
angular developer,Muthoot Finance,Rcu Associate,Unknown,https://www.naukri.com/job-listings-rcu-associate-muthoot-finance-ltd-aurangabad-0-to-4-years-270325923987,1,Direct,
angular developer,Muthoot Finance,Rcu Associate,Unknown,https://www.naukri.com/job-listings-rcu-associate-muthoot-finance-ltd-rajahmundry-0-to-4-years-270325922875,1,Direct,
angular developer,Muthoot Finance,Rcu Associate,Unknown,https://www.naukri.com/job-listings-rcu-associate-muthoot-finance-ltd-new-delhi-0-to-4-years-270325922618,1,Direct,
angular developer,Muthoot Finance,Rcu Associate,Unknown,https://www.naukri.com/job-listings-rcu-associate-muthoot-finance-ltd-vijayawada-0-to-4-years-270325920362,1,Direct,
angular developer,Muthoot Finance,Rcu Associate,Unknown,https://www.naukri.com/job-listings-rcu-associate-muthoot-finance-ltd-pune-0-to-4-years-270325919270,1,Direct,
angular developer,Muthoot Finance,Technical Associate,Unknown,https://www.naukri.com/job-listings-technical-associate-muthoot-finance-ltd-mysuru-0-to-4-years-270325917827,1,Direct,
angular developer,Muthoot Finance,Data Analyst,Unknown,https://www.naukri.com/job-listings-data-analyst-muthoot-finance-ltd-new-delhi-0-to-1-years-270325918399,1,Direct,
angular developer,Muthoot Finance,Rcu Associate,Unknown,https://www.naukri.com/job-listings-rcu-associate-muthoot-finance-ltd-bengaluru-0-to-4-years-270325918509,1,Direct,
angular developer,Muthoot Finance,Rcu Associate,Unknown,https://www.naukri.com/job-listings-rcu-associate-muthoot-finance-ltd-ramanujnagar-0-to-4-years-270325917634,1,Direct,
angular developer,Muthoot Finance,Rcu Associate,Unknown,https://www.naukri.com/job-listings-rcu-associate-muthoot-finance-ltd-kochi-0-to-4-years-270325918584,1,Direct,
angular developer,Muthoot Finance,Software Engineer,Unknown,https://www.naukri.com/job-listings-software-engineer-muthoot-finance-ltd-kerala-1-to-5-years-270325928444,1,Direct,
angular developer,Muthoot Finance,Software Engineer,Unknown,https://www.naukri.com/job-listings-software-engineer-muthoot-finance-ltd-karnataka-1-to-5-years-270325929059,1,Direct,
angular developer,Muthoot Finance,Cms Executive,Unknown,https://www.naukri.com/job-listings-cms-executive-muthoot-finance-ltd-new-delhi-1-to-6-years-270325922624,1,Direct,
angular developer,Muthoot Finance,.Net Developer,Unknown,https://www.naukri.com/job-listings-net-developer-muthoot-finance-ltd-bengaluru-1-to-6-years-270325921391,1,Direct,
angular developer,Muthoot Finance,.Net Developer,Unknown,https://www.naukri.com/job-listings-net-developer-muthoot-finance-ltd-ernakulam-1-to-6-years-270325921458,1,Direct,
